term,p-value,q-value
G Protein-Coupled Purinergic Nucleotide Receptor Activity (GO:0045028),0.00583590295074904,0.018128978055787837
Purinergic Nucleotide Receptor Activity (GO:0001614),0.009064489027893918,0.018128978055787837
