term,p-value,q-value
GPCNR Activity Involved In Regulation Of Presynaptic Membrane Potential (GO:0150047) BP,0.014417450339007641,0.14238028640363246
Postsynaptic Membrane (GO:0045211) CC,0.03706166481216687,0.14238028640363246
Presynapse Assembly (GO:0099054) BP,0.04264235482763042,0.14238028640363246
Presynaptic Membrane (GO:0042734) CC,0.0454207685297007,0.14238028640363246
Integral Component Of Postsynaptic Membrane (GO:0099055) CC,0.04746009546787749,0.14238028640363246
