term,p-value,q-value
GTPase Activator Activity (GO:0005096),0.02098906604960736,0.056207092309809754
"DNA-binding Transcription Repressor Activity, RNA Polymerase II-specific (GO:0001227)",0.02415281297835169,0.056207092309809754
Cadherin Binding (GO:0045296),0.03164619470099011,0.056207092309809754
GTPase Regulator Activity (GO:0030695),0.04195138449425586,0.056207092309809754
Transcription Cis-Regulatory Region Binding (GO:0000976),0.04683924359150813,0.056207092309809754
