term,p-value,q-value
Visual Learning (GO:0008542),0.00712850018242009,0.02910097321632764
Associative Learning (GO:0008306),0.011640389286531055,0.02910097321632764
Memory (GO:0007613),0.03706166481216687,0.05571190319212132
Regulation Of G Protein-Coupled Receptor Signaling Pathway (GO:0008277),0.044569522553697054,0.05571190319212132
